"ontology title","ontology iri","summary","license information","authors","contributors","project page","source page","latest json-ld file","latest n3 file","latest ntriples file","latest rdf/xml file","latest turtle file","modified","version"
"A vocabulary for BLCS stages","https://w3id.org/digitalconstruction/0.5/Stages",,,,,,,,,,,"https://digitalconstruction.github.io/Stages/v/0.5/stages.ttl",,
"A vocabulary for LOD levels","https://w3id.org/digitalconstruction/0.5/Levels",,,,,,,,,,,"https://digitalconstruction.github.io/Levels/v/0.5/levels.ttl",,
"Additive Manufacturing for Maintenance Operations Ontology","https://w3id.org/ammo/ont/",,,,,,,,,,"https://raw.githubusercontent.com/LA3D/ammo/main/development/ontology/ontology.rdf","https://raw.githubusercontent.com/LA3D/ammo/main/development/ontology/ontology.ttl",,
"Additive Manufacturing for Maintenance Operations Ontology","https://w3id.org/ammo/ont/",,,,,,,,,,"https://raw.githubusercontent.com/LA3D/ammo/main/development/ontology/ontology.rdf","https://raw.githubusercontent.com/LA3D/ammo/main/development/ontology/ontology.ttl",,
"Additive Manufacturing Ontology","http://www.semanticweb.org/ina3/ontologies/2016/2/untitled-ontology-122",,,,,,,,,,"https://raw.githubusercontent.com/iassouroko/AMontology/master/AMOntology-vFinal1.owl",,,
"Annotation (IEEE1872)","http://purl.org/ieee1872-owl/annotation",,,,,,,,,,"http://purl.org/ieee1872-owl/annotation#",,,
"Annotation Vocabulary (AV)","https://spec.industrialontologies.org/ontology/core/meta/AnnotationVocabulary/",,,,,,,,,,"https://spec.industrialontologies.org/ontology/202401/core/meta/AnnotationVocabulary/",,,
"Annotations","http://emmo.info/emmo/top/annotations#",,,,,,,,,,,"https://raw.githubusercontent.com/emmo-repo/EMMO/master/top/annotations.ttl",,
"Atomistic","http://emmo.info/domain-atomistic",,,,,,,,,,,"https://raw.githubusercontent.com/emmo-repo/domain-atomistic/master/atomistic.ttl",,
"AURORAL Cell-Tower Ontology","https://auroral.iot.linkeddata.es/def/cell#",,,,,,,,,,,"https://raw.githubusercontent.com/oeg-upm/auroral-cellTower-ontology/main/Ontology/auroral-cellTowerOntology.ttl",,
"AURORAL Energy Ontology","https://auroral.iot.linkeddata.es/def/energy#",,,,,,,,,,"https://auroral.iot.linkeddata.es/def/energy/ontology.owl","https://auroral.iot.linkeddata.es/def/energy/ontology.ttl",,
"AURORAL Vehicle Charger Ontology","https://auroral.iot.linkeddata.es/def/electrical-vehicle#",,,,,,,,,,,"https://raw.githubusercontent.com/oeg-upm/auroral-VehicleCharger-ontology/main/ontology/EV-charger.ttl",,
"Automotive Industry Ontology","http://iurianu.rocks/wp-content/uploads/cdn/auto.owl/#",,,,,,,,,,"https://raw.githubusercontent.com/iurianu/auto-ontology/master/auto.owl",,,
"Battery Interface Ontology","https://big-map.github.io/BattINFO/ontology/BattINFO#",,,,,,,,,,,"https://raw.githubusercontent.com/BIG-MAP/BattINFO/master/battinfo.ttl",,
"Bicycle Vocabulary","http://purl.org/opdm/bicycle#",,,,,,,,,,"http://purl.org/opdm/bicycle#","http://purl.org/opdm/bicycle#",,
"Building Automation and Control Network Ontology","http://bacowl.sourceforge.net/2012/bacnet",,,,,,,,,,,"https://bacowl.sourceforge.net/2012/bacnet.ttl",,
"Building Circularity Assessment Ontology","https://github.com/linmor-sys/BCAO.owl",,,,,,,,,,,"https://raw.githubusercontent.com/linmor-sys/BCAO/main/BCAO.ttl",,
"Building Ontology","http://bimerr.iot.linkeddata.es/def/building#",,,,,,,,,,,"https://bimerr.iot.linkeddata.es/def/building/ontology.ttl",,
"Capability and Skills Ontology based on Industry Standards","http://www.w3id.org/hsu-aut/cask",,,,,,,,,,,"https://raw.githubusercontent.com/CaSkade-Automation/CaSk/main/cask.owl",,
"Capability and Skills Ontology based on Manufacturing","http://www.w3id.org/hsu-aut/caskman#",,,,,,,,,,"https://raw.githubusercontent.com/CaSkade-Automation/CaSkMan/master/caskman.owl",,,
"Car HiFi Vocabulary","http://purl.org/opdm/carhifi#",,,,,,,,,,"http://purl.org/opdm/carhifi#","http://purl.org/opdm/carhifi#",,
"Chair Vocabulary","http://purl.org/opdm/chair#",,,,,,,,,,"http://purl.org/opdm/chair#",,,
"Citation Typing Ontology","http://purl.org/spar/cito/",,,,,,,,,,"https://sparontologies.github.io/cito/current/cito.owl","https://sparontologies.github.io/cito/current/cito.ttl",,
"Coffee Machine Vocabulary","http://purl.org/opdm/coffeemachine#",,,,,,,,,,"http://purl.org/opdm/coffeemachine#",,,
"Computer Vocabulary","http://purl.org/opdm/computer#",,,,,,,,,,"http://purl.org/opdm/computer#",,,
"Cooker and Oven Vocabulary","http://purl.org/opdm/cookeroven#",,,,,,,,,,"http://purl.org/opdm/cookeroven#",,,
"CORAX","http://purl.org/ieee1872-owl/corax",,,,,,,,,,"https://raw.githubusercontent.com/srfiorini/IEEE1872-owl/master/corax.owl",,,
"core","http://rds.posccaesar.org/ontology/plm/ont/core",,,,,,,,,,"https://rds.posccaesar.org/ontology/plm/ont/core/0.9.0/plm-core.rdf","https://rds.posccaesar.org/ontology/plm/ont/core/0.9.0/plm-core.ttl",,
"Core Ontology","https://spec.industrialontologies.org/ontology/core/Core/",,,,,,,,,,"https://spec.industrialontologies.org/ontology/202401/core/Core/",,,
"Core Ontology for Robotics and Automation","http://purl.org/ieee1872-owl/cora",,,,,,,,,,"https://raw.githubusercontent.com/srfiorini/IEEE1872-owl/master/cora.owl",,,
"Core Ontology for Robotics and Automation (Bare)","http://purl.org/ieee1872-owl/cora-bare",,,,,,,,,,"https://raw.githubusercontent.com/srfiorini/IEEE1872-owl/master/cora-bare.owl",,,
"Creative Commons (creativecommonsorg)","http://creativecommons.org/ns#",,,,,,,,,,"https://creativecommons.org/schema.rdf",,,
"Creative Commons (webresourceorg/cc/)","http://web.resource.org/cc/",,,,,,,,,,"https://web.resource.org/cc/schema.rdf",,,
"Crystallography Domain Ontology","http://emmo.info/domain-crystallography/crystallography",,,,,,,,,,,"https://raw.githubusercontent.com/emmo-repo/domain-crystallography/master/crystallography.ttl",,
"CSS Ontology","http://www.w3id.org/hsu-aut/css",,,,,,,,,,,"https://raw.githubusercontent.com/hsu-aut/css-ontology/v1.0.1/CSS-Ontology.owl",,
"Data Catalog Vocabulary","http://www.w3.org/ns/dcat#",,,,,,,,,,"https://www.w3.org/ns/dcat.rdf","https://www.w3.org/ns/dcat.ttl",,
"DefectOnt","http://www.semanticweb.org/andrea/ontologies/2022/8/DefectOnt",,,,,,,,,,"https://raw.githubusercontent.com/AndreaMazzullo/DefectOnt/master/DefectOnt.owl",,,
"Digital Buildings","http://www.google.com/digitalbuildings/",,,,,,,,,,"https://raw.githubusercontent.com/google/digitalbuildings/master/ontology/rdf/digital_buildings.rdf",,,
"Digital Camera Vocabulary","http://purl.org/opdm/digitalcamera#",,,,,,,,,,"http://purl.org/opdm/digitalcamera#",,,
"Digital Construction Agents","https://w3id.org/digitalconstruction/0.5/Agents",,,,,,,,,,,"https://digitalconstruction.github.io/Agents/v/0.5/agents.ttl",,
"Digital Construction Contexts","https://w3id.org/digitalconstruction/0.5/Contexts",,,,,,,,,,,"https://digitalconstruction.github.io/Contexts/v/0.5/contexts.ttl",,
"Digital Construction Energy","https://w3id.org/digitalconstruction/0.5/Energy",,,,,,,,,,,"https://digitalconstruction.github.io/Energy/v/0.5/energy.ttl",,
"Digital Construction Entities","https://w3id.org/digitalconstruction/0.5/Entities",,,,,,,,,,,"https://digitalconstruction.github.io/Entities/v/0.5/entities.ttl",,
"Digital Construction Information","https://w3id.org/digitalconstruction/0.5/Information",,,,,,,,,,,"https://digitalconstruction.github.io/Information/v/0.5/information.ttl",,
"Digital Construction Lifecycle","https://w3id.org/digitalconstruction/0.5/Lifecycle",,,,,,,,,,,"https://digitalconstruction.github.io/Lifecycle/v/0.5/lifecycle.ttl",,
"Digital Construction Materials","https://w3id.org/digitalconstruction/0.5/Materials",,,,,,,,,,"https://data.industryportal.enit.fr/ontologies/DCMATERIALS/submissions/1/download?apikey=019adb70-1d64-41b7-8f6e-8f7e5eb54942",,,
"Digital Construction Materials","https://w3id.org/digitalconstruction/0.5/Materials",,,,,,,,,,,"https://digitalconstruction.github.io/Materials/v/0.5/materials.ttl",,
"Digital Construction Occupancy","https://w3id.org/digitalconstruction/0.5/Occupancy",,,,,,,,,,,"https://digitalconstruction.github.io/Occupancy/v/0.5/occupancy.ttl",,
"Digital Construction Processes","https://w3id.org/digitalconstruction/0.5/Processes",,,,,,,,,,,"https://digitalconstruction.github.io/Processes/v/0.5/processes.ttl",,
"Digital Construction Units","http://w3id.org/digitalconstruction/0.5/Units",,,,,,,,,,,"https://digitalconstruction.github.io/Units/v/0.5/units.ttl",,
"Digital Construction Variables","https://w3id.org/digitalconstruction/0.5/Variables",,,,,,,,,,,"https://digitalconstruction.github.io/Variables/v/0.5/variables.ttl",,
"Digital Receiver Vocabulary","http://purl.org/opdm/digitalreceiver#",,,,,,,,,,"http://purl.org/opdm/digitalreceiver#",,,
"DIN 8580 Ontology-Design-Pattern","http://www.w3id.org/hsu-aut/DIN8580",,,,,,,,,,"https://raw.githubusercontent.com/hsu-aut/IndustrialStandard-ODP-DIN8580/master/DIN8580.owl",,,
"DIN EN 61360 Ontology-Design-Pattern","http://www.w3id.org/hsu-aut/DINEN61360",,,,,,,,,,"https://raw.githubusercontent.com/hsu-aut/IndustrialStandard-ODP-DINEN61360/master/DINEN61360.owl",,,
"DIN EN 62264-2 Ontology-Design-Pattern","http://www.w3id.org/hsu-aut/DINEN62264-2",,,,,,,,,,"https://raw.githubusercontent.com/hsu-aut/IndustrialStandard-ODP-DINEN62264-2/master/DINEN62264.owl",,,
"Dishwasher Vocabulary","http://purl.org/opdm/dishwasher#",,,,,,,,,,"http://purl.org/opdm/dishwasher#",,,
"Distribution Element Ontology","https://pi.pauwel.be/voc/distributionelement",,,,,,,,,,"https://pi.pauwel.be/voc/distributionelement/ontology.xml","https://pi.pauwel.be/voc/distributionelement/ontology.ttl",,
"Domain Mechanical Testing","http://emmo.info/emmo/domain/mechanical-testing",,,,,,,,,,"https://raw.githubusercontent.com/emmo-repo/domain-mechanical-testing/master/emmo-mechanical-testing.owl",,,
"Domain Mechanical Testing Chemistry","http://emmo.info/emmo/middle/chemistry",,,,,,,,,,"https://raw.githubusercontent.com/emmo-repo/domain-mechanical-testing/master/chemistry.owl",,,
"Dryer Machine Vocabulary","http://purl.org/opdm/dryermachine#",,,,,,,,,,"http://purl.org/opdm/dryermachine#",,,
"DVD Player and Blu-ray Player Vocabulary","http://purl.org/opdm/blurayplayer#",,,,,,,,,,"http://purl.org/opdm/blurayplayer#",,,
"EMMO middle-level ontology","http://emmo.info/emmo/middle",,,,,,,,,,,"https://raw.githubusercontent.com/emmo-repo/EMMO/1.0.0-beta/middle/middle.ttl",,
"Elemental Multiperspective Material Ontology","http://emmo.info/emmo#",,,,,,,,,,,"http://emmo.info/emmo#",,
"EMMO cif_core","http://emmo.info/domain-crystallography/cif_core",,,,,,,,,,,"https://raw.githubusercontent.com/emmo-repo/CIF-ontology/gh-pages/versions/0.1.0/cif_core.ttl",,
"EMMO inferred chemistry2","https://emmo-repo.github.io/versions/1.0.0-beta/emmo-inferred-chemistry2.ttl",,,,,,,,,,,"https://emmo-repo.github.io/versions/1.0.0-beta/emmo-inferred-chemistry2.ttl",,
"EMMO top-level ontology","http://emmo.info/emmo/top",,,,,,,,,,,"http://emmo.info/emmo/1.0.0-beta/top",,
"equipment","http://rds.posccaesar.org/ontology/plm/ont/equipment",,,,,,,,,,"https://rds.posccaesar.org/ontology/plm/ont/equipment/0.9.0/plm-equipment.rdf","https://rds.posccaesar.org/ontology/plm/ont/equipment/0.9.0/plm-equipment.ttl",,
"Expression of Core FRBR Concepts in RDF","http://purl.org/vocab/frbr/core#",,,,,,,,,,"http://purl.org/vocab/frbr/frbr-core-20050810.rdf",,,
"Facility Ontology","https://cogito.iot.linkeddata.es/def/facility#",,,,,,,,,,"https://cogito.iot.linkeddata.es/def/facility/ontology.rdf","https://cogito.iot.linkeddata.es/def/facility/ontology.ttl",,
"Furniture Sector Ontology","http://www.aidimme.es/FurnitureSectorOntology.owl#",,,,,,,,,,"https://data.industryportal.enit.fr/ontologies/FUNSTEP/submissions/1/download?apikey=019adb70-1d64-41b7-8f6e-8f7e5eb54942",,,
"Game Console Vocabulary","http://purl.org/opdm/gameconsole#",,,,,,,,,,"http://purl.org/opdm/gameconsole#",,,
"Garment Vocabulary","http://purl.org/opdm/garment#",,,,,,,,,,"http://purl.org/opdm/garment#",,,
"General Process Ontology","https://gitlab.cc-asp.fraunhofer.de/ISC-Public/ISC-Digital/ontology/GPO",,,,,,,,,,,"https://gitlab.cc-asp.fraunhofer.de/ISC-Public/ISC-Digital/ontology/gpo/-/raw/master/GPO.ttl",,
"gist","https://w3id.org/semanticarts/ontology/gistCore",,,,,,,,,,,"https://raw.githubusercontent.com/semanticarts/gist/develop/ontologies/gistCore.ttl",,
"gist Media Types","https://w3id.org/semanticarts/ontology/gistMediaTypes",,,,,,,,,,,"https://raw.githubusercontent.com/semanticarts/gist/develop/ontologies/gistMediaTypes.ttl",,
"gist Prefix Declarations","https://w3id.org/semanticarts/ontology/gistPrefixDeclarations",,,,,,,,,,,"https://raw.githubusercontent.com/semanticarts/gist/develop/ontologies/gistPrefixDeclarations.ttl",,
"gist Subclass Assertions","https://w3id.org/semanticarts/ontology/gistSubClassAssertions",,,,,,,,,,,"https://raw.githubusercontent.com/semanticarts/gist/develop/ontologies/gistSubClassAssertions.ttl",,
"GRACE Ontology","http://www.grace.com",,,,,,,,,,"https://data.industryportal.enit.fr/ontologies/GRACE/submissions/1/download?apikey=019adb70-1d64-41b7-8f6e-8f7e5eb54942",,,
"Grid2Onto","http://www.semanticweb.org/emna.amdouni/ontologies/2023/0/RTEOntology",,,,,,,,,,"https://data.industryportal.enit.fr/ontologies/GRID2ONTO/submissions/1/download?apikey=019adb70-1d64-41b7-8f6e-8f7e5eb54942",,,
"Hair Dryer Vocabulary","http://purl.org/opdm/hairdryer#",,,,,,,,,,"http://purl.org/opdm/hairdryer#",,,
"Holistic","http://emmo.info/emmo/middle/holistic",,,,,,,,,,,"http://emmo.info/emmo/1.0.0-beta/middle/holistic",,
"Home Hifi Vocabulary","http://purl.org/opdm/homehifi#",,,,,,,,,,"http://purl.org/opdm/homehifi#",,,
"IEEE 1872 Annotation","http://purl.org/ieee1872-owl/annotation",,,,,,,,,,"https://raw.githubusercontent.com/srfiorini/IEEE1872-owl/master/annotation.owl",,,
"IEEE Standard for Autonomous Robotics Ontology","http://w3id.org/hsu-aut/IEEE1872.2",,,,,,,,,,,"https://raw.githubusercontent.com/hsu-aut/IndustrialStandard-ODP-IEEE1872-2/main/AuR_IEEE1872-2.owl",,
"IFC2X3","http://ifcowl.openbimstandards.org/IFC2X3_Final",,,,,,,,,,"https://raw.githubusercontent.com/buildingsmart-community/ifcOWL/master/IFC2X3_Final.owl","https://raw.githubusercontent.com/buildingsmart-community/ifcOWL/master/IFC2X3_Final.ttl",,
"IFC2X3_TC1","http://ifcowl.openbimstandards.org/IFC2X3_TC1",,,,,,,,,,"https://raw.githubusercontent.com/buildingsmart-community/ifcOWL/master/IFC2X3_TC1.owl","https://raw.githubusercontent.com/buildingsmart-community/ifcOWL/master/IFC2X3_TC1.ttl",,
"IFC4","http://ifcowl.openbimstandards.org/IFC4",,,,,,,,,,"https://raw.githubusercontent.com/buildingsmart-community/ifcOWL/master/IFC4.owl","https://raw.githubusercontent.com/buildingsmart-community/ifcOWL/master/IFC4.ttl",,
"IFC4_ADD1","http://ifcowl.openbimstandards.org/IFC4_ADD1",,,,,,,,,,"https://raw.githubusercontent.com/buildingsmart-community/ifcOWL/master/IFC4_ADD1.owl","https://raw.githubusercontent.com/buildingsmart-community/ifcOWL/master/IFC4_ADD1.ttl",,
"IFC4_ADD2","http://ifcowl.openbimstandards.org/IFC4_ADD2",,,,,,,,,,"https://raw.githubusercontent.com/buildingsmart-community/ifcOWL/master/IFC4_ADD2.owl","https://raw.githubusercontent.com/buildingsmart-community/ifcOWL/master/IFC4_ADD2.ttl",,
"Industrial Maintenance Ontology","http://www.semanticweb.org/karray/ontologies/2016/0/IMAMO#",,,,,,,,,,"http://data.industryportal.enit.fr/ontologies/IMAMO/download?apikey=019adb70-1d64-41b7-8f6e-8f7e5eb54942&download_format=rdf",,,
"International System of Quantities (ISQ)","http://emmo.info/emmo/middle/isq",,,,,,,,,,,"http://emmo.info/emmo/1.0.0-beta/middle/isq",,
"IoT ontology","https://cogito.iot.linkeddata.es/def/iot#",,,,,,,,,,,"https://raw.githubusercontent.com/oeg-upm/cogito-iot-ontology/main/ontology/ontology.ttl",,
"ISO 22400-2 Ontology-Design-Pattern","http://www.w3id.org/hsu-aut/ISO22400-2",,,,,,,,,,"https://raw.githubusercontent.com/hsu-aut/IndustrialStandard-ODP-ISO22400-2/master/ISO22400-2.owl",,,
"Key Performance Indicator ontology","http://bimerr.iot.linkeddata.es/def/key-performance-indicator#",,,,,,,,,,,"https://bimerr.iot.linkeddata.es/def/key-performance-indicator/ontology.ttl",,
"Landline Phones Vocabulary","http://purl.org/opdm/landlinephone#",,,,,,,,,,"http://purl.org/opdm/landlinephone#",,,
"Maintenance Activity Ontology","http://www.semanticweb.org/maintenance-activity",,,,,,,,,,"https://raw.githubusercontent.com/uwasystemhealth/Paper_Archive_Maintenance_Activity/main/maintenance-activity.owl",,,
"Maintenance Activity Ontology","http://spec.equonto.com/ontology/maintenance-work-management/maintenance-activity-ontology",,,,,,,,,,"https://data.industryportal.enit.fr/ontologies/MNT-ACT/submissions/1/download?apikey=019adb70-1d64-41b7-8f6e-8f7e5eb54942",,,
"Maintenance Ontology","https://spec.industrialontologies.org/ontology/maintenance/Maintenance/",,,,,,,,,,"https://spec.industrialontologies.org/iof/ontology/maintenance/Maintenance.rdf",,,
"Manufacturing","http://emmo.info/emmo/middle/manufacturing",,,,,,,,,,,"https://raw.githubusercontent.com/emmo-repo/EMMO/master/middle/manufacturing.ttl",,
"MAnufacturing's Semantics Ontology : Ontologie des outils et notions de la production industrielle","http://www.owl-ontologies.com/mason.owl",,,,,,,,,,"https://data.industryportal.enit.fr/ontologies/MASON/submissions/1/download?apikey=019adb70-1d64-41b7-8f6e-8f7e5eb54942",,,
"Manufacturing System Ontology","http://www.ontologies.com/Ontology3197.owl",,,,,,,,,,"https://raw.githubusercontent.com/enegri/OFM/master/OFM.owl",,,
"ManuService Ontology","http://www.manunetwork.com/manuservice/v1#",,,,,,,,,,"https://data.industryportal.enit.fr/ontologies/MANUSERVICE/submissions/1/download?apikey=019adb70-1d64-41b7-8f6e-8f7e5eb54942",,,
"Mappings ontology","http://emmo.info/domain-mappings",,,,,,,,,,,"https://raw.githubusercontent.com/emmo-repo/domain-mappings/master/mappings.ttl",,
"Material properties ontology","http://bimerr.iot.linkeddata.es/def/material-properties#",,,,,,,,,,,"https://bimerr.iot.linkeddata.es/def/material-properties/ontology.ttl",,
"Material Science and Engineering Ontology","https://purl.matolab.org/mseo/mid",,,,,,,,,,"https://purl.matolab.org/mseo/mid",,,
"Materials","http://emmo.info/emmo/middle/materials",,,,,,,,,,,"http://emmo.info/emmo/1.0.0-beta/middle/manufacturing",,
"Math","http://emmo.info/emmo/middle/math",,,,,,,,,,,"http://emmo.info/emmo/1.0.0-beta/middle/math",,
"Mechanical Testing Ontology (MTO)","https://gitlab.com/kupferdigital/ontologies/Mechanical_Testing_Ontology/",,,,,,,,,,,"https://data.industryportal.enit.fr/ontologies/MTO/submissions/1/download?apikey=019adb70-1d64-41b7-8f6e-8f7e5eb54942",,
"Mereotopology","http://emmo.info/emmo/top/mereotopology",,,,,,,,,,,"http://emmo.info/emmo/1.0.0-beta/top/mereotopology",,
"Metrology","http://emmo.info/emmo/middle/metrology",,,,,,,,,,,"http://emmo.info/emmo/1.0.0-beta/middle/metrology",,
"Microstructure domain ontology","http://emmo.info/microstructure",,,,,,,,,,,"https://raw.githubusercontent.com/emmo-repo/domain-microstructure/master/microstructure.ttl",,
"Microwave Vocabulary","http://purl.org/opdm/microwave#",,,,,,,,,,"http://purl.org/opdm/microwave#",,,
"Mobile Phone Vocabulary","http://purl.org/opdm/mobilephone#",,,,,,,,,,"http://purl.org/opdm/mobilephone#",,,
"Models","http://emmo.info/emmo/middle/models",,,,,,,,,,,"http://emmo.info/emmo/1.0.0-beta/middle/models",,
"Modem Vocabulary","http://purl.org/opdm/modem#",,,,,,,,,,"http://purl.org/opdm/modem#",,,
"MPS500","http://www.hsu-hh.de/aut/ontologies/lab/MPS500",,,,,,,,,,"https://raw.githubusercontent.com/hsu-aut/MPS500-Capabilities/main/MPS500-Capabilities.owl","http://emmo.info/emmo/1.0.0-beta/middle/materials",,
"MPS500 AssembleCylinder","http://www.hsu-hh.de/aut/ontologies/lab/MPS500/AssembleCylinder",,,,,,,,,,"https://raw.githubusercontent.com/hsu-aut/MPS500-Capabilities/main/Assembly_Module/AssembleCylinder.owl",,,
"MPS500 AssembleThermometer","http://www.hsu-hh.de/aut/ontologies/lab/MPS500/AssembleThermometer",,,,,,,,,,"https://raw.githubusercontent.com/hsu-aut/MPS500-Capabilities/main/Assembly_Module/AssembleThermometer.owl",,,
"MPS500 CameraModule","http://www.hsu-hh.de/aut/ontologies/lab/MPS500/CameraModule",,,,,,,,,,"https://raw.githubusercontent.com/hsu-aut/MPS500-Capabilities/main/Camera_Module/CameraModule.owl",,,
"MPS500 DrillingModule","http://www.hsu-hh.de/aut/ontologies/lab/MPS500/DrillingModule",,,,,,,,,,"https://raw.githubusercontent.com/hsu-aut/MPS500-Capabilities/main/Drilling_Module/DrillingModule.owl",,,
"MPS500 PropertyTypes","http://www.hsu-hh.de/aut/ontologies/lab/MPS500/property-types",,,,,,,,,,"https://raw.githubusercontent.com/hsu-aut/MPS500-Capabilities/main/MPS500-PropertyTypes.owl",,,
"MPS500 RawCylinderSupplyModule","http://www.hsu-hh.de/aut/ontologies/lab/MPS500/RawCylinderSupplyModule",,,,,,,,,,"https://raw.githubusercontent.com/hsu-aut/MPS500-Capabilities/main/RawCylinderSupply_Module/RawCylinderSupplyModule.owl",,,
"MPS500 RawThermometerSupplyModule","http://www.hsu-hh.de/aut/ontologies/lab/MPS500/RawThermometerSupplyModule",,,,,,,,,,"https://raw.githubusercontent.com/hsu-aut/MPS500-Capabilities/main/RawThermometerSupply_Module/RawThermometerSupplyModule.owl",,,
"MPS500 ShippingModule","http://www.hsu-hh.de/aut/ontologies/lab/MPS500/PrepareForShipping",,,,,,,,,,"https://raw.githubusercontent.com/hsu-aut/MPS500-Capabilities/main/Shipping_Module/PrepareForShipping.owl",,,
"MPS500 StorageModule PutInStorage","http://www.hsu-hh.de/aut/ontologies/lab/MPS500/PutInStorage",,,,,,,,,,"https://raw.githubusercontent.com/hsu-aut/MPS500-Capabilities/main/Storage_Module/PutInStorage.owl",,,
"MPS500 StorageModule RetrieveFromStorage","http://www.hsu-hh.de/aut/ontologies/lab/MPS500/RetrieveFromStorage",,,,,,,,,,"https://raw.githubusercontent.com/hsu-aut/MPS500-Capabilities/main/Storage_Module/RetrieveFromStorage.owl",,,
"MPS500 Transport Module","http://www.hsu-hh.de/aut/ontologies/lab/MPS500/TransportModule",,,,,,,,,,"https://raw.githubusercontent.com/hsu-aut/MPS500-Capabilities/main/Transport_Module/TransportModule.owl",,,
"MSDL (Manufacturing Service Description Language)","http://infoneer.txstate.edu/ontology/MSDL",,,,,,,,,,"https://data.industryportal.enit.fr/ontologies/MSDL/submissions/1/download?apikey=019adb70-1d64-41b7-8f6e-8f7e5eb54942",,,
"Navigation Device Vocabulary","http://purl.org/opdm/navigation#",,,,,,,,,,"http://purl.org/opdm/navigation#",,,
"OBO Annotations","http://purl.obolibrary.org/obo/ro/annotations.owl",,,,,,,,,,"https://raw.githubusercontent.com/oborel/obo-relations/master/annotations.owl",,,
"OBO Format Metamodel","http://www.geneontology.org/formats/oboInOwl#",,,,,,,,,,"https://raw.githubusercontent.com/geneontology/go-ontology/master/contrib/oboInOwl",,,
"oneM2M Base Ontology","https://git.onem2m.org/MAS/BaseOntology/raw/master/base_ontology.owl#",,,,,,,,,,"https://git.onem2m.org/MAS/BaseOntology/-/raw/master/base_ontology.owl",,,
"Maintenance Procedures - Conditional Maintenance Task Ontology","http://spec.equonto.com/ontology/maintenance-procedure/conditional-maintenance-task-ontology",,,,,,,,,,,"https://data.industryportal.enit.fr/ontologies/OMPD-CMTO/submissions/1/download?apikey=019adb70-1d64-41b7-8f6e-8f7e5eb54942",,
"Ontology for the Battery Value Chain","https://bvco.ontology.link/",,,,,,,,,,,"https://raw.githubusercontent.com/Battery-Value-Chain-Ontology/ontology/master/BVCO.ttl",,
"Ontology for vCard","http://www.w3.org/2006/vcard/ns#",,,,,,,,,,,"https://www.w3.org/2006/vcard/ns",,
"Ontology model for Web of Things","http://iot.linkeddata.es/def/wot#",,,,,,,,,,"http://iot.linkeddata.es/def/wot#","http://iot.linkeddata.es/def/wot/ontology.ttl",,
"OntoSensor Device Ontology","http://mmisw.org/ont/univmemphis/sensor",,,,,,,,,,"https://mmisw.org/ont/api/v0/ont?format=rdf&iri=http://mmisw.org/ont/univmemphis/sensor","https://mmisw.org/ont/api/v0/ont?format=ttl&iri=http://mmisw.org/ont/univmemphis/sensor",,
"OPC UA Core ontology","http://www.fortiss.org/kb/opcua/OpcUaCore.owl",,,,,,,,,,"https://raw.githubusercontent.com/OntoUA/ua-nodeset-core-ont/master/owl/OpcUaCore.owl",,,
"OPC UA NodeSet ontology","http://www.fortiss.org/kb/opcua/OpcUaNodeSet2.owl",,,,,,,,,,"https://raw.githubusercontent.com/OntoUA/ua-nodeset-core-ont/master/owl/OpcUaNodeSet2.owl",,,
"OPC UA Ontology-Design-Pattern","http://www.w3id.org/hsu-aut/OpcUa",,,,,,,,,,"https://raw.githubusercontent.com/hsu-aut/IndustrialStandard-ODP-OPC-UA/master/OpcUa.owl",,,
"Operators","https://w3id.org/semanticarts/ontology/operators",,,,,,,,,,,"https://raw.githubusercontent.com/semanticarts/operators-ontology/develop/operators.ttl",,
"OpenADR ontology","https://w3id.org/def/openadr",,,,,,,,,,,"https://albaizq.github.io/OpenADRontology/OnToology/ontology/openADRontology.owl/documentation/ontology.ttl",,
"OpenLink Product Features Ontology","http://www.openlinksw.com/ontology/features#",,,,,,,,,,,"https://www.openlinksw.com/sparql?query=define%20sql%3Adescribe-mode%20%22CBD%22%20%20DESCRIBE%20%3Chttp%3A%2F%2Fwww.openlinksw.com%2Fontology%2Ffeatures%23%3E&output=text%2Fturtle",,
"OpenLink Software Ontology","http://www.openlinksw.com/ontology/software#",,,,,,,,,,,"https://www.openlinksw.com/sparql?query=define%20sql%3Adescribe-mode%20%22CBD%22%20%20DESCRIBE%20%3Chttp%3A%2F%2Fwww.openlinksw.com%2Fontology%2Fsoftware%23%3E&output=text%2Fturtle",,
"OpenLink Sponger Cartridges Ontology","http://www.openlinksw.com/ontology/cartridges#",,,,,,,,,,,"https://www.openlinksw.com/sparql?query=define%20sql%3Adescribe-mode%20%22CBD%22%20%20DESCRIBE%20%3Chttp%3A%2F%2Fwww.openlinksw.com%2Fontology%2Fcartridges%23%3E&output=text%2Fturtle",,
"Ordinal","http://emmo.info/emmo/middle/ordinal",,,,,,,,,,,"http://emmo.info/emmo/1.0.0-beta/middle/ordinal",,
"Organization Ontology","https://www.w3.org/ns/org#",,,,,,,,,,,"https://www.w3.org/ns/org#",,
"OWL-Time","http://www.w3.org/2006/time#",,,,,,,,,,,"https://www.w3.org/2006/time",,
"PackML StateMachine Ontology-Design-Pattern","http://www.w3id.org/hsu-aut/PackML",,,,,,,,,,"https://raw.githubusercontent.com/hsu-aut/IndustrialStandard-ODP-PackML/master/PackML.owl",,,
"Paper Vocabulary","http://purl.org/opdm/paper#",,,,,,,,,,"http://purl.org/opdm/paper#",,,
"Perceptual","http://emmo.info/emmo/middle/perceptual",,,,,,,,,,,"http://emmo.info/emmo/1.0.0-beta/middle/perceptual",,
"Perspective","http://emmo.info/emmo/middle/perspective",,,,,,,,,,,"http://emmo.info/emmo/1.0.0-beta/middle/perspective",,
"Physical","http://emmo.info/emmo/top/physical",,,,,,,,,,,"http://emmo.info/emmo/1.0.0-beta/top/physical",,
"Physicalistic","http://emmo.info/emmo/middle/physicalistic",,,,,,,,,,,"http://emmo.info/emmo/1.0.0-beta/middle/physicalistic",,
"Platform Ontology","https://cogito.iot.linkeddata.es/platform#",,,,,,,,,,"https://cogito.iot.linkeddata.es/def/platform/ontology.rdf","https://cogito.iot.linkeddata.es/def/platform/ontology.ttl",,
"Portable Media Player Vocabulary","http://purl.org/opdm/portablemp#",,,,,,,,,,"http://purl.org/opdm/portablemp#",,,
"Position Ontology","http://purl.org/ieee1872-owl/pos",,,,,,,,,,"https://raw.githubusercontent.com/srfiorini/IEEE1872-owl/master/pos.owl",,,
"Printer Vocabulary","http://purl.org/opdm/printer#",,,,,,,,,,"http://purl.org/opdm/printer#",,,
"process","http://rds.posccaesar.org/ontology/plm/ont/process",,,,,,,,,,"https://rds.posccaesar.org/ontology/plm/ont/process/0.9.0/plm-process.rdf","https://rds.posccaesar.org/ontology/plm/ont/process/0.9.0/plm-process.ttl",,
"Process Ontology","https://cogito.iot.linkeddata.es/def/process#",,,,,,,,,,,"https://raw.githubusercontent.com/oeg-upm/cogito-construction-process-ontology/master/ontology/ontology.ttl",,
"Product Ontology","http://www.semanticweb.org/ontologies/2010/1/ProntoAHSH.owl",,,,,,,,,,"https://raw.githubusercontent.com/mvegetti/PRONTO/main/PRONTO.owl",,,
"Properties","http://emmo.info/emmo/middle/properties",,,,,,,,,,,"http://emmo.info/emmo/1.0.0-beta/middle/properties",,
"Protégé","http://protege.stanford.edu/plugins/owl/protege#",,,,,,,,,,"http://protege.stanford.edu/plugins/owl/protege",,,
"PSS Ontology","https://gitlab.atb-bremen.de/atb/pss-ontology/PSS-ontology-2",,,,,,,,,,"https://data.industryportal.enit.fr/ontologies/PSS/submissions/2/download?apikey=019adb70-1d64-41b7-8f6e-8f7e5eb54942",,,
"QUDT VOCAB Decimal Prefixes Release 2.1.37","http://qudt.org/vocab/prefix",,,,,,,,,,,"http://qudt.org/vocab/prefix/",,
"QUDT Functions Extension","http://qudt.org/schema/extensions/functions",,,,,,,,,,,"http://qudt.org/schema/extensions/functions",,
"QUDT SCHEMA Facade graph - v2.1.33","http://qudt.org/schema/facade/qudt",,,,,,,,,,,"http://qudt.org/schema/facade/qudt",,
"QUDT VOCAB Systems of Quantity Kinds Release 2.1.37","http://qudt.org/vocab/soqk",,,,,,,,,,,"http://qudt.org/vocab/soqk/",,
"RealEstateCore Full","https://w3id.org/rec/full/",,,,,,,,,,"https://doc.realestatecore.io/3.3/full.rdf",,,
"Reductionistic","http://emmo.info/emmo/middle/reductionistic",,,,,,,,,,,"http://emmo.info/emmo/1.0.0-beta/middle/reductionistic",,
"Reference Generalized Ontological Model","http://www.semanticweb.org/manufacturingproductionline#",,,,,,,,,,"https://raw.githubusercontent.com/MuhammadYahta/rgom/main/rgom.owl",,,
"Reified Requirements Ontology","https://w3id.org/requirement-ontology/ontology/core#",,,,,,,,,,"https://data.dnv.com/ontology/requirement-ontology/core/req-ont.owl","https://data.dnv.com/ontology/requirement-ontology/core/req-ont.ttl",,
"Resistance Spot Welding Ontology","http://www.rswo.org/muhyah/ontologies/2022/7/rswo",,,,,,,,,,"https://raw.githubusercontent.com/nsai-uio/RSWO/main/rswo.owl",,,
"RFID System Configuration Ontology","http://semanticweb.org/ontologies/2018/16/RFID_SystemConfigurationOntology/",,,,,,,,,,"https://raw.githubusercontent.com/eleniTsalapati/ONTOLOGIES/master/RFID_SCO.owl",,,
"RIVA InfoModel","http://w3id.org/hsu-aut/SA_InformationModel/",,,,,,,,,,,"https://raw.githubusercontent.com/hsu-aut/RIVA_InfoModel/main/Ontologies/InfoModel.ttl",,
"ROMAIN: Reference Ontology for industrial Maintenance","http://www.semanticweb.org/hedi/ontologies/2018/11/ROMAIN",,,,,,,,,,"https://data.industryportal.enit.fr/ontologies/ROMAIN/submissions/1/download?apikey=019adb70-1d64-41b7-8f6e-8f7e5eb54942",,,
"RPARTS","http://purl.org/ieee1872-owl/rparts",,,,,,,,,,"https://raw.githubusercontent.com/srfiorini/IEEE1872-owl/master/rparts.owl",,,
"Safety Ontology","http://www.semanticweb.org/mahsateimourikia/ontologies/2016/1/untitled-ontology-3#",,,,,,,,,,"https://raw.githubusercontent.com/mahsa-teimourikia/Safety-Ontology/master/SafetyOntology.owl",,,
"Safety Ontology","https://cogito.iot.linkeddata.es/safety#",,,,,,,,,,,"https://raw.githubusercontent.com/oeg-upm/cogito-safety-ontology/main/ontology/ontology.ttl",,
"SAREF extension for automotive","https://saref.etsi.org/saref4auto/",,,,,,,,,,"https://saref.etsi.org/saref4auto/v1.1.1/saref4auto.rdf","https://saref.etsi.org/saref4auto/v1.1.1/saref4auto.ttl",,
"SAREF extension for smart grid","https://saref.etsi.org/saref4grid/",,,,,,,,,,"https://saref.etsi.org/saref4grid/v1.1.1/saref4grid.rdf","https://saref.etsi.org/saref4grid/v1.1.1/saref4grid.ttl",,
"SAREF extension for Smart Lifts","https://saref.etsi.org/saref4lift/",,,,,,,,,,"https://saref.etsi.org/saref4lift/v1.1.1/saref4lift.rdf","https://saref.etsi.org/saref4lift/v1.1.1/saref4lift.ttl",,
"SAREF4WATR is an extension of SAREF for Water","https://w3id.org/def/S4WATR",,,,,,,,,,,"https://oeg-upm.github.io/S4WATR/OnToology/S4Water.owl/documentation/ontology.ttl",,
"SCOPRO","http://www.semanticweb.org/indonto/ontologies/2014/0/SCOPRO",,,,,,,,,,"https://data.industryportal.enit.fr/ontologies/SCOPRO/submissions/1/download?apikey=019adb70-1d64-41b7-8f6e-8f7e5eb54942",,,
"Schema.org","https://schema.org/",,,,,,,,,"https://schema.org/version/latest/schemaorg-all-https.nt","https://schema.org/version/latest/schemaorg-all-https.rdf","https://schema.org/version/latest/schemaorg-all-https.ttl",,
"SEAS Architecture ontology","https://w3id.org/seas/ArchitectureOntology",,,,,,,,,,"https://w3id.org/seas/ArchitectureOntology-2.0.rdf","https://w3id.org/seas/ArchitectureOntology-2.0.ttl",,
"SEAS Boolean Property Ontology","https://w3id.org/seas/BooleanPropertyOntology",,,,,,,,,,"https://w3id.org/seas/BooleanPropertyOntology-1.0.rdf","https://w3id.org/seas/BooleanPropertyOntology-1.0.ttl",,
"SEAS City Ontology","https://w3id.org/seas/CityOntology",,,,,,,,,,"https://w3id.org/seas/CityOntology-1.0.rdf","https://w3id.org/seas/CityOntology-1.0.ttl",,
"SEAS Electric Power System Ontology","https://w3id.org/seas/ElectricPowerSystemOntology",,,,,,,,,,"https://w3id.org/seas/ElectricPowerSystemOntology-1.0.rdf","https://w3id.org/seas/ElectricPowerSystemOntology-1.0.ttl",,
"SEAS Electric Street Light System Ontology","https://w3id.org/seas/StreetLightSystemOntology",,,,,,,,,,"https://w3id.org/seas/StreetLightSystemOntology-1.0.rdf","https://w3id.org/seas/StreetLightSystemOntology-1.0.ttl",,
"SEAS Electric Vehicle ontology","https://w3id.org/seas/ElectricVehicleOntology",,,,,,,,,,"https://w3id.org/seas/ElectricVehicleOntology-1.0.rdf","https://w3id.org/seas/ElectricVehicleOntology-1.0.ttl",,
"SEAS Energy Form vocabulary","https://w3id.org/seas/EnergyFormOntology",,,,,,,,,,"https://ci.mines-stetienne.fr/seas/EnergyFormOntology-1.0.rdf","https://ci.mines-stetienne.fr/seas/EnergyFormOntology-1.0.ttl",,
"SEAS Failable System ontology","https://w3id.org/seas/FailableSystemOntology",,,,,,,,,,"https://ci.mines-stetienne.fr/seas/FailableSystemOntology-1.0.rdf","https://ci.mines-stetienne.fr/seas/FailableSystemOntology-1.0.ttl",,
"SEAS Flexibility ontology","https://w3id.org/seas/FlexibilityOntology",,,,,,,,,,"https://w3id.org/seas/FlexibilityOntology-1.0.rdf","https://w3id.org/seas/FlexibilityOntology-1.0.ttl",,
"SEAS Photovoltaic ontology","https://w3id.org/seas/PhotovoltaicOntology",,,,,,,,,,,"https://w3id.org/seas/PhotovoltaicOntology-1.0.ttl",,
"SEAS Smart Meter ontology","https://w3id.org/seas/SmartMeterOntology",,,,,,,,,,"https://w3id.org/seas/SmartMeterOntology-1.1.rdf","https://w3id.org/seas/SmartMeterOntology-1.1.ttl",,
"SEAS Thermodynamic System ontology","https://w3id.org/seas/ThermodynamicSystemOntology",,,,,,,,,,"https://w3id.org/seas/ThermodynamicSystemOntology-1.0.rdf","https://w3id.org/seas/ThermodynamicSystemOntology-1.0.ttl",,
"Semantic Versioning Ontology","https://w3id.org/semanticarts/ontology/versioning",,,,,,,,,,,"https://raw.githubusercontent.com/semanticarts/versioning-ontology/develop/versioning.ttl",,
"Semiotics","http://emmo.info/emmo/middle/semiotics",,,,,,,,,,,"http://emmo.info/emmo/1.0.0-beta/middle/semiotics",,
"SemWeb Vocab Status ontology","http://www.w3.org/2003/06/sw-vocab-status/ns#",,,,,,,,,,"https://www.w3.org/2003/06/sw-vocab-status/ns#",,,
"Sensor Data ontology","http://bimerr.iot.linkeddata.es/def/sensor-data#",,,,,,,,,,,"https://bimerr.iot.linkeddata.es/def/sensor-data/ontology.ttl",,
"Sharework Ontology for Human-Robot Collaboration","http://pst.istc.cnr.it/ontologies/2019/01/soho",,,,,,,,,,"https://data.industryportal.enit.fr/ontologies/SOHO/submissions/1/download?apikey=019adb70-1d64-41b7-8f6e-8f7e5eb54942",,,
"Shaver Vocabulary","http://purl.org/opdm/shaver#",,,,,,,,,,"http://purl.org/opdm/shaver#",,,
"Shoe Vocabulary","http://purl.org/opdm/shoe#",,,,,,,,,,"http://purl.org/opdm/shoe#",,,
"Shredder Vocabulary","http://purl.org/opdm/shredder#",,,,,,,,,,"http://purl.org/opdm/shredder#",,,
"SI units","http://emmo.info/emmo/middle/siunits",,,,,,,,,,,"http://emmo.info/emmo/1.0.0-beta/middle/siunits",,
"Simple Knowledge Organization System","http://www.w3.org/2004/02/skos/core#",,,,,,,,,,"https://www.w3.org/2009/08/skos-reference/skos.rdf",,,
"SimplePartWhole","http://www.w3.org/2001/sw/BestPractices/OEP/SimplePartWhole/part.owl",,,,,,,,,,"http://www.w3.org/2001/sw/BestPractices/OEP/SimplePartWhole/part.owl",,,
"SmartProducts EADS","http://kmi.open.ac.uk/projects/smartproducts/ontologies/eads.owl",,,,,,,,,,"http://kmi.open.ac.uk/projects/smartproducts/ontologies/eads.owl",,,
"SPIN Modeling Vocabulary","http://spinrdf.org/spin#",,,,,,,,,,"https://spinrdf.org/spin",,,
"SPIN SPARQL Syntax","http://spinrdf.org/sp#",,,,,,,,,,"https://spinrdf.org/sp",,,
"SPIN SPIF","http://spinrdf.org/spif#",,,,,,,,,,"https://spinrdf.org/spif",,,
"SPIN Standard Library","http://spinrdf.org/spl#",,,,,,,,,,"https://spinrdf.org/spl",,,
"sqwrl","http://sqwrl.stanford.edu/ontologies/built-ins/3.4/sqwrl.owl",,,,,,,,,,"http://sqwrl.stanford.edu/ontologies/built-ins/3.4/sqwrl.owl",,,
"Statistical classification of products by activity","http://data.europa.eu/ehl/cpa21/cpa21",,,,,,,,,,"https://op.europa.eu/o/opportal-service/euvoc-download-handler?cellarURI=http%3A%2F%2Fpublications.europa.eu%2Fresource%2Fcellar%2Fc2c67eac-c1d4-11ee-b164-01aa75ed71a1.0001.02%2FDOC_1&fileName=ESTAT-CPA21.rdf",,,
"Storage Media Vocabulary","http://purl.org/opdm/storagemedia#",,,,,,,,,,"http://purl.org/opdm/storagemedia#",,,
"SUMO CORA","http://purl.org/ieee1872-owl/sumo-cora",,,,,,,,,,"https://raw.githubusercontent.com/srfiorini/IEEE1872-owl/master/sumo-cora.owl",,,
"Supply Chain Ontology","https://spec.industrialontologies.org/ontology/supplychain/SupplyChain/",,,,,,,,,,"https://spec.industrialontologies.org/iof/ontology/supplychain/SupplyChain.rdf",,,
"SWRLAPI","http://swrl.stanford.edu/ontologies/3.3/swrla.owl#",,,,,,,,,,"http://swrl.stanford.edu/ontologies/3.3/swrla.owl#",,,
"Tablet PC Vocabulary","http://purl.org/opdm/tablet#",,,,,,,,,,"http://purl.org/opdm/tablet#",,,
"Television Vocabulary","http://purl.org/opdm/television#",,,,,,,,,,"http://purl.org/opdm/television#",,,
"The AURORAL adapters ontology","https://auroral.iot.linkeddata.es/def/adapters",,,,,,,,,,"https://auroral.iot.linkeddata.es/def/adapters/ontology.owl","https://auroral.iot.linkeddata.es/def/adapters/ontology.ttl",,
"The AURORAL Logistic Ontology","https://auroral.iot.linkeddata.es/def/shipment#",,,,,,,,,,"https://auroral.iot.linkeddata.es/def/shipment/ontology.owl","https://auroral.iot.linkeddata.es/def/shipment/ontology.ttl",,
"The Product Types Ontology for Semantic Web-based E-Commerce","http://www.productontology.org/#",,,,,,,,,,"http://www.productontology.org/dump.rdf",,,
"The SEAS Electric Light Source Ontology.","https://w3id.org/seas/ElectricLightSourceOntology",,,,,,,,,,,"https://w3id.org/seas/ElectricLightSourceOntology-1.0",,
"The SEAS Generic Property ontology","https://w3id.org/seas/GenericPropertyOntology",,,,,,,,,,,"https://w3id.org/seas/GenericPropertyOntology-1.0.ttl",,
"The SEAS Green KPI ontology","https://w3id.org/seas/GreenKPIOntology",,,,,,,,,,,"https://ci.mines-stetienne.fr/seas/GreenKPIOntology-1.0.ttl",,
"The SEAS Offering ontology","https://w3id.org/seas/OfferingOntology",,,,,,,,,,,"https://w3id.org/seas/OfferingOntology-1.1.ttl",,
"The SEAS OptimizationProcedure ontology","https://w3id.org/seas/OptimizationOntology",,,,,,,,,,,"https://ci.mines-stetienne.fr/seas/OptimizationOntology-1.1.ttl",,
"The SEAS Periodic Signal Property ontology.","https://w3id.org/seas/PeriodicSignalOntology",,,,,,,,,,,"https://w3id.org/seas/PeriodicSignalOntology-1.0.ttl",,
"The SEAS Pricing ontology","https://w3id.org/seas/PricingOntology",,,,,,,,,,,"https://ci.mines-stetienne.fr/seas/PricingOntology-1.0.ttl",,
"The SEAS Zone Lighting ontology.","https://w3id.org/seas/ZoneLightingOntology",,,,,,,,,,,"https://w3id.org/seas/ZoneLightingOntology-1.0.ttl",,
"Top Level Ontology of Ontology-based-InformationFlow-Industry-40","http://localhost/concept/oml/gn#",,,,,,,,,,,"https://raw.githubusercontent.com/ko3n1g/Ontology-based-InformationFlow-Industry-4.0/master/code/_ontology/schema/ManufacturingOntologyLanguage.gn.ttl",,
"Units extension","http://emmo.info/emmo/middle/units-extension",,,,,,,,,,,"http://emmo.info/emmo/1.0.0-beta/middle/units-extension",,
"Vacuum Cleaner Vocabulary","http://purl.org/opdm/vacuum#",,,,,,,,,,"http://purl.org/opdm/vacuum#",,,
"VAR Ontology","https://w3id.org/var#",,,,,,,,,,"https://fundaciontekniker.github.io/a4blue-ontology/var/ontology/ontology.xml","https://fundaciontekniker.github.io/a4blue-ontology/var/ontology/ontology.ttl",,
"VDI 2206 Ontology-Design-Pattern","http://www.hsu-ifa.de/ontologies/VDI2206",,,,,,,,,,"https://raw.githubusercontent.com/hsu-aut/IndustrialStandard-ODP-VDI2206/master/VDI2206.owl",,,
"VDI 2860 Ontology-Design-Pattern","http://www.w3id.org/hsu-aut/VDI2860",,,,,,,,,,"https://raw.githubusercontent.com/hsu-aut/IndustrialStandard-ODP-VDI2860/master/VDI2860.owl",,,
"VDI 3682 Ontology-Design-Pattern","http://www.w3id.org/hsu-aut/VDI3682",,,,,,,,,,"https://raw.githubusercontent.com/hsu-aut/IndustrialStandard-ODP-VDI3682/master/VDI3682.owl",,,
"VDI 5100 Ontology-Design-Pattern","http://www.hsu-ifa.de/ontologies/VDI5100",,,,,,,,,,"https://raw.githubusercontent.com/hsu-aut/IndustrialStandard-ODP-VDI5100/main/VDI5100.owl",,,
"VDI VDE NAMUR 2658","http://www.hsu-ifa.de/ontologies/VDIVDENAMUR2658",,,,,,,,,,"https://raw.githubusercontent.com/hsu-aut/IndustrialStandard-ODP-VDIVDENAMUR2658/main/VDIVDENAMUR2658.owl",,,
"Vehicle Sales Ontology for Semantic Web-based E-Commerce","http://purl.org/vso/ns#",,,,,,,,,,"https://www.heppnetz.de/ontologies/vso/ns.owl",,,
"Versioning Ontology","https://ontohub.org/veronto/veronto_v04-18.owl",,,,,,,,,,"https://ontohub.org/repositories/veronto/3ba887e774a6191ef2cc39cf1e14d7a36e2e0c41/download/veronto_v04-18.owl",,,
"Vicinity core model","http://iot.linkeddata.es/def/core#",,,,,,,,,,,"http://iot.linkeddata.es/def/core/ontology.ttl",,
"Video Camera Vocabulary","http://purl.org/opdm/videocamera#",,,,,,,,,,"http://purl.org/opdm/videocamera#",,,
"Video Projectors Vocabulary","http://purl.org/opdm/videoprojector#",,,,,,,,,,"http://purl.org/opdm/videoprojector#",,,
"Vocabulary of a Friend","http://purl.org/vocommons/voaf#",,,,,,,,,,"https://lov.linkeddata.es/vocommons/voaf/v2.3/voaf_v2.3.rdf",,,
"W3C PROV Linking Across Provenance Bundles Ontology (PROV-LINKS)","http://www.w3.org/ns/prov-links#",,,,,,,,,,,"http://www.w3.org/ns/prov-links#",,
"W3C Timezone","https://www.w3.org/2006/timezone",,,,,,,,,,"https://www.w3.org/2006/timezone",,,
"WADL Ontology-Design-Pattern","http://www.w3id.org/hsu-aut/WADL",,,,,,,,,,"https://raw.githubusercontent.com/hsu-aut/IndustrialStandard-ODP-WADL/master/WADL.owl",,,
"Washer Machine Vocabulary","http://purl.org/opdm/washingmachine#",,,,,,,,,,"http://purl.org/opdm/washingmachine#",,,
"Weather Knowledge Graph (Ontology and Dataset)","http://sensormeasurement.appspot.com/ont/m3/weather#",,,,,,,,,,"http://sensormeasurement.appspot.com/ont/m3/weather#",,,
"WoTDT: The WoT Digital Twin Ontology","https://w3id.org/def/digitaltwin#",,,,,,,,,,,"https://oeg-upm.github.io/WoT-DT-ontology/OnToology/dt-ontology.ttl/documentation/ontology.ttl",,
"Z-BRE4K semantic model","http://www.Z-bre4k.org/ontology",,,,,,,,,,"https://data.industryportal.enit.fr/ontologies/Z-BRE4K/submissions/1/download?apikey=019adb70-1d64-41b7-8f6e-8f7e5eb54942",,,
